base,state,info,url
http://icpcstatepages.org/,Alabama,/info,http://icpcstatepages.org/Alabama/info
http://icpcstatepages.org/,Alaska,/info,http://icpcstatepages.org/Alaska/info
http://icpcstatepages.org/,Arizona,/info,http://icpcstatepages.org/Arizona/info
http://icpcstatepages.org/,Arkansas,/info,http://icpcstatepages.org/Arkansas/info
http://icpcstatepages.org/,California,/info,http://icpcstatepages.org/California/info
http://icpcstatepages.org/,Colorado,/info,http://icpcstatepages.org/Colorado/info
http://icpcstatepages.org/,Connecticut,/info,http://icpcstatepages.org/Connecticut/info
http://icpcstatepages.org/,Delaware,/info,http://icpcstatepages.org/Delaware/info
http://icpcstatepages.org/,Florida,/info,http://icpcstatepages.org/Florida/info
http://icpcstatepages.org/,Georgia,/info,http://icpcstatepages.org/Georgia/info
http://icpcstatepages.org/,Hawaii,/info,http://icpcstatepages.org/Hawaii/info
http://icpcstatepages.org/,Idaho,/info,http://icpcstatepages.org/Idaho/info
http://icpcstatepages.org/,Illinois,/info,http://icpcstatepages.org/Illinois/info
http://icpcstatepages.org/,Indiana,/info,http://icpcstatepages.org/Indiana/info
http://icpcstatepages.org/,Iowa,/info,http://icpcstatepages.org/Iowa/info
http://icpcstatepages.org/,Kansas,/info,http://icpcstatepages.org/Kansas/info
http://icpcstatepages.org/,Kentucky,/info,http://icpcstatepages.org/Kentucky/info
http://icpcstatepages.org/,Louisiana,/info,http://icpcstatepages.org/Louisiana/info
http://icpcstatepages.org/,Maine,/info,http://icpcstatepages.org/Maine/info
http://icpcstatepages.org/,Maryland,/info,http://icpcstatepages.org/Maryland/info
http://icpcstatepages.org/,Massachusetts,/info,http://icpcstatepages.org/Massachusetts/info
http://icpcstatepages.org/,Michigan,/info,http://icpcstatepages.org/Michigan/info
http://icpcstatepages.org/,Minnesota,/info,http://icpcstatepages.org/Minnesota/info
http://icpcstatepages.org/,Mississippi,/info,http://icpcstatepages.org/Mississippi/info
http://icpcstatepages.org/,Missouri,/info,http://icpcstatepages.org/Missouri/info
http://icpcstatepages.org/,Montana,/info,http://icpcstatepages.org/Montana/info
http://icpcstatepages.org/,Nebraska,/info,http://icpcstatepages.org/Nebraska/info
http://icpcstatepages.org/,Nevada,/info,http://icpcstatepages.org/Nevada/info
http://icpcstatepages.org/,NewHampshire,/info,http://icpcstatepages.org/NewHampshire/info
http://icpcstatepages.org/,NewJersey,/info,http://icpcstatepages.org/NewJersey/info
http://icpcstatepages.org/,NewMexico,/info,http://icpcstatepages.org/NewMexico/info
http://icpcstatepages.org/,NewYork,/info,http://icpcstatepages.org/NewYork/info
http://icpcstatepages.org/,NorthCarolina,/info,http://icpcstatepages.org/NorthCarolina/info
http://icpcstatepages.org/,NorthDakota,/info,http://icpcstatepages.org/NorthDakota/info
http://icpcstatepages.org/,Ohio,/info,http://icpcstatepages.org/Ohio/info
http://icpcstatepages.org/,Oklahoma,/info,http://icpcstatepages.org/Oklahoma/info
http://icpcstatepages.org/,Oregon,/info,http://icpcstatepages.org/Oregon/info
http://icpcstatepages.org/,Pennsylvania,/info,http://icpcstatepages.org/Pennsylvania/info
http://icpcstatepages.org/,RhodeIsland,/info,http://icpcstatepages.org/RhodeIsland/info
http://icpcstatepages.org/,SouthCarolina,/info,http://icpcstatepages.org/SouthCarolina/info
http://icpcstatepages.org/,SouthDakota,/info,http://icpcstatepages.org/SouthDakota/info
http://icpcstatepages.org/,Tennessee,/info,http://icpcstatepages.org/Tennessee/info
http://icpcstatepages.org/,Texas,/info,http://icpcstatepages.org/Texas/info
http://icpcstatepages.org/,Utah,/info,http://icpcstatepages.org/Utah/info
http://icpcstatepages.org/,Vermont,/info,http://icpcstatepages.org/Vermont/info
http://icpcstatepages.org/,Virginia,/info,http://icpcstatepages.org/Virginia/info
http://icpcstatepages.org/,Washington,/info,http://icpcstatepages.org/Washington/info
http://icpcstatepages.org/,WestVirginia,/info,http://icpcstatepages.org/WestVirginia/info
http://icpcstatepages.org/,Wisconsin,/info,http://icpcstatepages.org/Wisconsin/info
http://icpcstatepages.org/,Wyoming,/info,http://icpcstatepages.org/Wyoming/info